Filename,Title,Keywords,Category,Publish
260421053 (1).png,Digital Heart with Circuitry Design,"heart, circuit board, technology, biotechnology, digital, cybernetic, neon, blue, purple, glow, futuristic, artificial, organ, electronic, network, lines, wires, microchip, pattern, design, 3D, render, medical, innovation, science, biology, synthetic, cardiology, data, connection, illumination, dark background, abstract, digital art, cyber heart, fusion, human body, electronics, visualization, advanced, future, healthcare, engineering, complexity, light trails, transparency, structure",19,
260421053 (10).png,Four Hikers Walking Through a Misty Forest,"hikers, forest, mist, trees, backpacks, trail, nature, outdoors, adventure, group, walking, path, fog, greenery, jackets, yellow jacket, brown jacket, black jacket, camouflage backpack, dark backpack, natural light, overcast, tall trees, foliage, wilderness, exploration, tranquil, serene, moody, atmospheric, damp, muddy path, four people, rear view, travelers, hiking, mountainous, evergreens, soft lighting, depth, perspective, peaceful, solitude, journey, emerald green, gray sky, shadows, bark, underbrush",11,
260421053 (11).png,Hand Writing Notes with Pen,"hand, writing, pen, notebook, paper, cursive, handwriting, black pen, silver tip, lined paper, open book, focused, study, journaling, education, literacy, composition, close-up, natural light, soft lighting, desk, personal note, thoughts, reflection, planning, creative writing, daily journal, writing tool, fingers, nail, skin tone, fine motor skill, stationery, mental process, focus, concentration, learning, diary, document, script, words, text, individual, action, motion, still life, realistic, everyday life, work",13,
260421053 (12).png,Scientists Collaborating in a Modern Lab,"laboratory, scientists, research, teamwork, computer, monitor, keyboard, mouse, desk, beakers, test tubes, microscope, lab equipment, chemicals, blue liquid, glassware, data analysis, scientific research, modern lab, technology, collaboration, focus, concentration, professional, work environment, white coat, shirts, glasses, ethnic diversity, men, woman, standing, sitting, discussion, screen, graph, world map, clock, staircase, industrial lighting, metal railings, white walls, blue accents, clean, organized, high-tech, innovation, education, science",16,
260421053 (13).png,Vibrant Swirl of Autumn Leaves and Colors,"autumn, leaves, swirl, colorful, vortex, abstract, art, painting, motion, flow, orange, red, yellow, blue, purple, green, dynamic, fluid, twist, curved, texture, lighting, reflection, natural, seasonal, fall, nature, harmony, energy, movement, background, digital art, imaginary, dreamlike, whirlpool, waves, pattern, composition, aesthetic, visual, creative, surreal, illusion, depth, gradient, shimmer, foliage, petals",14,
260421053 (14).png,Friends Building Sandcastle on Beach,"beach, sand, sandcastle, friends, group, summer, vacation, ocean, waves, sunlight, smiling, laughter, fun, leisure, recreation, outdoor, coast, seaside, young adults, teenagers, casual, swimsuits, striped bikini, blue shovel, orange bucket, shovel, bucket, construction, play, toys, relaxation, togetherness, joy, happy, natural light, daytime, clear sky, water, horizon, shoreline, sandy beach, bikini top, shorts, curly hair, dark hair, male, female, interactive, collaborative",12,
260421053 (15).png,Antique Clock Mechanism with Gears,"clock, gears, mechanism, antique, brass, cogs, roman numerals, time, steampunk, metal, rust, intricate, detailed, watch, gear system, clockwork, industrial, vintage, machinery, precision, history, engineering, movement, hour hand, minute hand, face, white dial, dark background, close-up, texture, complex, mechanical, artificial, old, crafted, clock face, toothed wheels, axle, screw, bronze, shiny, aged, design, functionality, historical, aesthetic, craftsmanship",19,
260421053 (16).png,Close-up of Human Eye with Digital Reflection,"eye, close-up, human, iris, pupil, eyelashes, eyebrow, reflection, digital, light, technology, screen, glow, colorful, brown, texture, skin, macro, detail, biometric, cyber, futuristic, data, pattern, neon, blue, orange, purple, focus, vision, optics, artificial, interface, innovation, modern, surreal, enhanced, surface, contour, natural, synthetic, connection, information, electronic, lens, image, depth",19,
260421053 (17).png,Digital Earth with Global Network Connections,"earth, globe, planet, digital, network, connections, global, technology, future, cyber, data, communication, world, map, continents, Europe, Africa, Asia, America, ocean, space, cosmic, neon, glow, light, blue, purple, pink, orange, dots, lines, nodes, wireframe, 3D, visualization, interactive, innovation, internet, digitalization, connectivity, globalization, satellite, astronomy, night, dark, background, particles, scifi, futuristic",19,
260421053 (18).png,Glowing Brain with Neural Connections,"brain, neural, neurons, glow, light, orange, yellow, electric, energy, network, connections, synapses, science, biology, anatomy, cerebral, mind, thought, consciousness, neurology, medical, digital, 3d, render, illustration, dark, background, floating, structure, complex, pattern, vibrant, illumination, pulse, activity, intelligence, innovation, technology, future, abstract, art, visual, design, neural network, brain activity, electrical, current, dynamic, life",16,
260421053 (19).png,Flying Car in Neon Cybercity,"futuristic, cyberpunk, neon, night, cityscape, skyscrapers, hover car, flying vehicle, black car, red lights, glowing signs, FALCON, urban, high-tech, rainy, reflective surfaces, vertical city, advanced technology, dark sky, digital, modern architecture, electric blue, red neon, blue neon, dystopian, sci-fi, motion, suspension, streamlined design, aircraft, automobile, future, metropolis, illuminated, atmospheric, moody, detailed, realistic, 3D rendering, urban environment, technology, transportation, innovation, light trails, glass buildings, dense skyline, floating, dynamic",19,
260421053 (2).png,Hand Holding a Young Plant Seedling,"hand, plant, seedling, green, leaves, roots, soil, pot, window, natural light, indoor gardening, growth, care, fingers, thumb, palm, brown soil, young plant, life, nature, sustainability, gardening, home, close-up, soft focus, background blur, daylight, fresh, healthy, nurturing, environmental care, planting, vegetation, botany, transplanting, outdoor view, glass window, white wall, simple, minimalist, still life, human interaction, delicate, small, emerald green, earth tones, organic, peaceful, hope",14,
260421053 (20).png,Honeybee Pollinating a Pink Flower,"honeybee, bee, pollination, flower, pink flower, yellow stamens, insect, nature, close-up, macro photography, winged insect, striped bee, pollen, anther, petal, nectar, spring, outdoor, wildlife, ecology, bee on flower, black and yellow, translucent wings, soft focus background, green foliage, natural light, sunlight, floral, botany, animal behavior, feeding, biodiversity, environment, conservation, detail, texture, sharp image, biological, life cycle, reproduction, garden, meadow, daytime, summer, pollinator, apiculture, entomology",14,
260421053 (21).png,Team Collaboration in Office Meeting,"teamwork, meeting, office, business, collaboration, discussion, planning, workplace, professional, diverse, group, desk, laptop, notebook, pen, charts, graphs, paper, sticky notes, whiteboard, window, natural light, modern office, focus, engagement, strategy, analysis, woman, man, coworkers, business attire, formal clothing, white shirt, blazer, dark shirt, curly hair, ponytail, expression, concentration, pointing, writing, typing, table, documents, data, presentation, work session, colleagues, interpersonal",3,
260421053 (22).png,Neuron Cell with Glowing Connections,"neuron, cell, brain, nerve, synapse, glowing, orange, light, network, connection, biological, science, microscopic, neural, electricity, energy, dendrite, axon, structure, biology, medical, research, technology, future, digital, 3d, render, illumination, dark, background, particles, floating, abstract, complex, system, information, transmission, neuroscience, human, body, function, life, dynamic, motion, visual, art, scientific, visualization, neurology",16,
260421053 (23).png,Family Enjoying Meal Outdoors Together,"family, meal, outdoor, dining, table, wooden, picnic, lunch, food, vegetables, bread, salad, glass, water, fork, spoon, smiling, happy, together, children, girl, boy, father, mother, adults, kids, black, afro, curly hair, casual clothing, yellow shirt, striped shirt, light blue shirt, white blouse, natural light, shade, wooden structure, roof, beams, background trees, greenery, daytime, relaxed, bonding, conversation, eating, shared meal, warmth, joy",12,
260421053 (24).png,Friends Playing Board Game Together,"board game, friends, playing, laughing, smiling, living room, couch, table, game pieces, game board, box, cards, lamp, warm lighting, indoor, casual clothing, young adults, socializing, entertainment, leisure, relaxation, interaction, fun, together, group, conversation, home, cozy, window, curtain, wooden table, yellow shirt, plaid shirt, dark hair, bun hairstyle, natural light, artwork on wall, side table, potted plant, colorful tokens, blue box, red dice, yellow pawn, green pawn, purple pawn, black pawn, orange pillow, beige couch, brown sofa",9,
260421053 (25).png,Woman Practicing Yoga in a Sunlit Forest,"woman, yoga, forest, sunlight, nature, outdoor, exercise, stretching, fitness, peaceful, calm, serene, green, trees, trunk, leaves, grass, mat, black sports bra, black leggings, ponytail, barefoot, arms raised, side stretch, lunge pose, natural light, shadows, tranquil, wellness, mindfulness, harmony, health, balance, spirituality, meditation, active lifestyle, sunny day, woodland, foliage, open space, clearing, relaxation, body alignment, focus, breathing, holistic, eco-friendly, organic",12,
260421053 (26).png,Friends Enjoying a Picnic in the Park,"friends, picnic, park, outdoor, grass, sunlight, smiling, laughter, relaxation, leisure, group, young adults, conversation, blanket, checkered, food, sandwiches, fruits, jar, basket, woven, casual clothing, jeans, t-shirt, shorts, striped shirt, yellow shirt, white shirt, blue shirt, curly hair, long hair, blonde hair, brown hair, sneakers, shoes, natural light, daytime, summer, greenery, trees, shade, happy, togetherness, socializing, lifestyle, recreation, nature, outdoors, relaxed",13,
260421053 (27).png,Elderly Couple Walking on Beach at Sunset,"elderly, couple, walking, beach, sunset, hands, holding hands, sand, ocean, water, waves, horizon, sky, sunlight, golden hour, warm light, silhouette, back view, retirement, love, togetherness, peaceful, serene, calm, natural light, coastline, seaside, evening, aged, senior, man, woman, shorts, pants, t-shirts, casual clothing, footsteps, reflection, shadows, romance, aging, life, tranquility, outdoor, nature, relaxation, vacation, leisure",13,
260421053 (28).png,Classic Car in a Wildflower Field,"classic car, vintage automobile, Aston Martin, gold car, orange roof, wildflowers, field of flowers, summer scenery, blue sky, clouds, dirt road, natural landscape, outdoor setting, rural area, front view, round headlights, chrome grille, car bumper, retro design, open countryside, yellow flowers, pink flowers, white flowers, green grass, sunlight, daytime, clear weather, peaceful scene, nostalgic vibe, automotive, nature, harmony, serenity, beauty, floral meadow, countryside drive, travel, adventure, freedom, relaxation, photography, composition, depth of field, foreground flowers, background hills, landscape photography",20,
260421053 (29).png,Couple Cooking Together in Modern Kitchen,"couple, cooking, kitchen, man, woman, smiling, happy, modern, interior, stove, pan, vegetables, food, meal, preparing, cooking together, domestic life, healthy eating, casual clothing, yellow shirt, green shirt, brown shirt, jeans, wooden spoon, cutting board, chopping vegetables, tomatoes, bell pepper, cucumber, carrots, lettuce, pot, oven, sink, faucet, jar, oil, spices, window, plant, natural light, warm lighting, countertop, white cabinets, dark cabinets, induction cooktop, bowl, utensils, cozy atmosphere",12,
260421053 (3).png,Steam Train in Snowy Winter Landscape,"steam train, snow, winter, railroad, locomotive, passenger cars, snowfall, forest, evergreen trees, mountains, fog, curved track, wooden carriages, black engine, headlights, snow-covered ground, telephone poles, cold weather, travel, transportation, historic train, nostalgic, serene, quiet, white landscape, railway, wintery, atmospheric, overcast sky, snowflakes, rustic, outdoor, natural scenery, train journey, old-fashioned, dampers, coal-powered, motion, trackside, brushes, barren plants, iron rails, windows, handrails, lamp, vintage, seasonal, peaceful",20,
260421053 (30).png,Foggy Cityscape at Sunset,"cityscape, sunrise, sunset, skyscrapers, urban, architecture, fog, mist, morning, dawn, golden hour, orange sky, pink clouds, modern buildings, tall towers, silhouettes, horizon, atmosphere, lighting, warm colors, skyline, metropolis, futuristic, clouds, sun, glow, reflection, density, city, contemporary, vertical, structures, glass, steel, design, ambiance, serene, peaceful, mystical, distant, layers, perspective, depth, urban planning, environmental haze, natural light, calm, breathtaking",2,
260421053 (31).png,Minimalist Office Space with Indoor Plant,"minimalist, office, interior, modern, white, clean, empty, space, room, floor, ceiling, lighting, fluorescent, glass, door, window, partition, plant, tree, potted, pot, green, indoor, furniture, chair, desk, computer, workstation, reflection, natural, sunlight, shadow, architecture, design, contemporary, corporate, professional, serene, calm, simple, open, spacious, concrete, smooth, neutral, monochrome, line, structure, vertical",2,
260421053 (32).png,Family Planting a Tree Together,"family, planting, tree, garden, outdoor, father, mother, child, kneeling, soil, shovel, wooden raised bed, vegetables, greenery, cloudy sky, overcast, gardening, nature, environment, sustainability, cooperation, together, care, growth, spring, earth, dirt, hands, clothing, sweatshirt, jacket, jeans, boots, hair, ponytail, curly hair, natural light, soft lighting, background plants, fence, trellis, pots, urban garden, community garden, emotional connection, learning, teaching, bonding",13,
260421053 (33).png,Vibrant Digital Waves of Light,"digital waves, light particles, neon colors, abstract motion, glowing lines, futuristic design, data flow, cybernetic, motion graphics, particle effects, wave pattern, colorful stream, dynamic light, high-tech, digital art, flowing energy, luminous trails, 3D rendering, electronic wave, cosmic glow, modern aesthetics, technology concept, virtual reality, network data, energy waves, visual effects, sci-fi, illumination, motion trail, particle stream, digital pulse, multicolor, fluid dynamics, glow effect, ambient lighting, streaming data, waveform, digital landscape, futuristic technology, energy field, light spectrum, animated background, digital signal, technological advancement, neon glow, dynamic composition, space-like, digital wave",19,
260421053 (34).png,Christmas Table Setting with Festive Decorations,"Christmas, table setting, holiday, festive, red tablecloth, green plates, white plates, napkins, red napkin, gold ribbon, christmas tree, miniature tree, ornaments, baubles, red bauble, green bauble, silver bauble, orange, citrus, cranberries, evergreen branches, fir branches, candles, red candle, yellow candle, glassware, crystal glass, forks, knives, cutlery, woven placemat, jute mat, centerpiece, decorative bowl, pines, cone, golden pinecone, seasonal decor, winter, celebration, dinner table, festive dinner, holiday meal, warm lighting, bokeh lights, background Christmas tree, gift boxes, green gift box, red gift box",12,
260421053 (35).png,Group Yoga Class in Studio,"yoga, class, studio, women, man, exercise, fitness, plank pose, mat, workout, instructor, stretching, health, wellness, active, diverse, group, floor, wooden floor, gray mat, black top, white shirt, short hair, ponytail, bun, athletic wear, strappy top, focus, concentration, calm, relaxation, inner peace, mindfulness, body alignment, posture, hands together, prayer position, side view, natural light, bright room, minimalist, clean space, movement, balance, strength, flexibility, training, lifestyle, community",13,
260421053 (36).png,Solo Hiker on Mountain Road at Sunrise,"mountain, road, hiker, sunrise, mist, clouds, valley, peak, silhouette, nature, landscape, dawn, sky, light, golden hour, fog, asphalt, curved road, highway, solitude, adventure, outdoor, journey, tranquility, serenity, alpine, rocky terrain, green hills, shadows, warm light, dramatic sky, travel, exploration, peaceful, breathtaking, scenic, wilderness, horizon, reflection, natural beauty, mountain range, rugged, path, walking, person, backlit, atmospheric",11,
260421053 (37).png,Silhouette of a Man Practicing Tai Chi at Sunset on the Beach,"silhouette, man, tai chi, sunrise, sunset, beach, ocean, waves, sand, horizon, sky, golden light, warm colors, orange, yellow, sun, reflection, water, coastline, tranquility, peace, meditation, mindfulness, exercise, martial arts, traditional, calm, serenity, natural light, backlighting, contemplation, movement, balance, posture, clothing, long sleeves, pants, footwear, outdoor, evening, dusk, stillness, harmony, spirituality, health, wellness, relaxation",13,
260421053 (38).png,Family Cooking Together in Kitchen,"family, cooking, kitchen, mother, father, child, girl, meal, food, vegetables, carrots, broccoli, tomatoes, potatoes, pan, stove, spoon, chopping board, knife, apron, wooden table, window, natural light, smiling, happy, together, home, domestic life, healthy eating, fresh ingredients, bowl, plate, jar, bread, sink, faucet, white brick wall, shelves, pots, kettle, lemon, green salad, cheese, black stove, wooden cabinets, cozy atmosphere, casual clothing, lighting, interior design",12,
260421053 (39).png,Friends Enjoying a Picnic in the Park,"friends, picnic, park, outdoor, nature, greenery, grass, sunlight, laughter, conversation, relaxation, leisure, group, diverse, young adults, smiling, happy, casual clothing, jeans, t-shirts, striped shirt, plaid shirt, brown jacket, white shirt, basket, fruit, grapes, bananas, oranges, apples, juice, bottle, glass, drinks, red bottle, orange juice, blanket, sitting, socializing, summer, daytime, natural light, trees, shadows, background blur, lifestyle, together, joy, friendship",12,
260421053 (4).png,Augmented Reality Display of Historical Building,"smartphone, augmented reality, hologram, building, architecture, historical building, 3D model, digital projection, hand, mobile device, urban environment, city square, blue light, wireframe, technology, innovation, future, modern, outdoor, daylight, clear sky, pavement, trees, lamppost, people in background, blurred background, interactive, virtual overlay, transparent screen, futuristic, design, construction, classical architecture, dome, columns, windows, real-time, AR technology, navigation, education, tourism, visualization, digital interface, user interaction, touchscreen, black phone, sleeve, gray sweater",19,
260421053 (40).png,Hands typing code on a glowing laptop keyboard,"hands, typing, keyboard, laptop, code, programming, developer, software, coding, technology, digital, computer, screen, glow, light, blue, neon, lines, text, syntax, script, data, network, cyber, future, innovation, work, focus, concentration, night, dark, background, reflection, fingers, keys, input, development, tech, modern, abstract, visual, motion, dynamic, electric, energy, information, digital art, hacking, security",19,
260421053 (41).png,Vibrant Market Scene with People Shopping for Fresh Produce,"market, outdoor, stall, fruit, vegetable, produce, colorful, umbrella, canopy, people, shopping, walking, man, woman, scarf, headscarf, traditional clothing, yellow shirt, red dress, jeans, basket, plastic crate, bucket, oranges, tomatoes, peppers, mangoes, melons, bananas, crowd, street, sunlight, daytime, busy, lifestyle, culture, urban, architecture, building, domed structure, background, vibrant, warm colors, shade, trade, commerce, local market, South Asia, India",13,
260421053 (42).png,Hands Holding Earth with Growing Plant,"hands, earth, globe, plant, seedling, leaves, green, growth, nature, environment, sustainability, care, protection, diversity, unity, collaboration, hope, future, ecology, planet, global, Earth Day, conservation, renewal, life, natural, outdoor, background, blurred, sunlight, warm, soft, focus, human, skin, dark skin, light skin, contrast, together, holding, support, peace, harmony, symbolism, conceptual, art, photography, composition, balance",5,
260421053 (5).png,Friends Celebrating with Balloons and Candles,"friends, celebration, party, balloons, candles, smiling, laughing, happy, joyful, group, young adults, diverse, multicultural, indoor, festive, decorations, bunting flags, colorful, red balloon, blue balloon, yellow balloon, green balloon, pink balloon, orange balloon, lighting, natural light, casual clothing, dress, shirt, jacket, curly hair, straight hair, laughter, social gathering, birthday, event, background, white wall, chairs, table, interior, warm atmosphere, emotions, togetherness, camaraderie, fun, gathering, celebratory, candlelight",13,
260421053 (6).png,Hand Holding a Small Seedling,"hand, seedling, plant, green, leaf, roots, growth, nature, care, sustainability, environment, life, young plant, fingers, palm, natural background, blurry green, outdoor, daylight, soft light, close-up, human hand, new life, ecology, gardening, vegetation, foliage, stem, soil, earth, fragile, hope, renewal, spring, botany, agriculture, cultivation, nurture, protect, small, delicate, fresh, organic, biodiversity, conservation, future, development, water, sunlight",14,
260421053 (7).png,Family BBQ in the Backyard,"family, barbecue, grill, outdoor, backyard, man, boy, woman, child, cooking, meat, sausage, hamburger, smoke, tongs, table, lunch, food, garden, grass, chair, sunlight, summer, leisure, together, happy, laughter, relaxing, casual, white shirt, striped shirt, khaki shorts, shorts, wooden fence, plant, pot, drinks, glass, juice, fruit, vegetables, natural light, clear sky, daytime, social gathering, outdoor dining",12,
260421053 (8).png,Children Playing in a Water Fountain,"children, kids, playing, water, fountain, splashing, running, smiling, summer, outdoor, park, sunlight, blue sky, trees, bench, street lamp, sprinkler, wet, barefoot, cute, joyful, laughter, active, fun, recreation, playground, water play, cooling off, childhood, diversity, girl, boy, tank top, shorts, curly hair, pigtails, sunshine, clear water, splash, movement, dynamic, happy, energy, leisure, community, public space, urban park, water jets, shadows",13,
260421053 (9).png,Hands typing on a transparent illuminated keyboard,"hands, typing, keyboard, transparent, illuminated, backlit, blue light, clear keys, computer, technology, gaming, modern, fingers, close-up, electronic, input device, mechanical, glow, lighting, desktop, work, digital, night, focus, precision, design, innovation, cyber, future, cool, tech, efficiency, productivity, surface, reflection, contrast, shiny, plastic, wire, connection, typing action, human interaction, device, workspace, ambient light, clarity, transparency, keycaps, function keys",19,
